{
	"credit": "Made with Blockbench",
	"textures": {
		"0": "custom/badgermole",
		"particle": "custom/badgermole"
	},
	"elements": [
		{
			"from": [4, -3, 4],
			"to": [12, 11, 12],
			"faces": {
				"north": {"uv": [10.709, 14.236, 11.716, 16], "texture": "#0"},
				"east": {"uv": [13.732, 14.236, 14.739, 16], "texture": "#0"},
				"south": {"uv": [12.724, 14.236, 13.731, 16], "texture": "#0"},
				"west": {"uv": [10.709, 14.236, 11.716, 16], "texture": "#0"},
				"up": {"uv": [10.709, 13.228, 11.716, 14.236], "texture": "#0"},
				"down": {"uv": [13.732, 13.228, 14.739, 14.236], "texture": "#0"}
			}
		},
		{
			"from": [4.5, -6, 12],
			"to": [5.5, -4, 17],
			"rotation": {"angle": 0, "axis": "y", "origin": [9, 2, 9]},
			"faces": {
				"north": {"uv": [0, 0, 1, 2], "texture": "#0"},
				"east": {"uv": [8.063, 14.614, 8.693, 14.866], "rotation": 180, "texture": "#0"},
				"south": {"uv": [8.819, 14.992, 8.945, 15.244], "texture": "#0"},
				"west": {"uv": [8.063, 15.244, 8.693, 15.496], "texture": "#0"},
				"up": {"uv": [8.063, 14.992, 8.693, 15.118], "rotation": 90, "texture": "#0"},
				"down": {"uv": [8.063, 15.622, 8.693, 15.748], "rotation": 90, "texture": "#0"}
			}
		},
		{
			"from": [10.5, -6, 12],
			"to": [11.5, -4, 17],
			"rotation": {"angle": 0, "axis": "y", "origin": [9, 2, 9]},
			"faces": {
				"north": {"uv": [0, 0, 1, 2], "texture": "#0"},
				"east": {"uv": [8.063, 14.614, 8.693, 14.866], "rotation": 180, "texture": "#0"},
				"south": {"uv": [8.819, 14.992, 8.945, 15.244], "texture": "#0"},
				"west": {"uv": [8.063, 15.244, 8.693, 15.496], "texture": "#0"},
				"up": {"uv": [8.063, 14.992, 8.693, 15.118], "rotation": 90, "texture": "#0"},
				"down": {"uv": [8.063, 15.622, 8.693, 15.748], "rotation": 90, "texture": "#0"}
			}
		},
		{
			"from": [8.5, -6, 12],
			"to": [9.5, -4, 17],
			"rotation": {"angle": 0, "axis": "y", "origin": [9, 2, 9]},
			"faces": {
				"north": {"uv": [0, 0, 1, 2], "texture": "#0"},
				"east": {"uv": [8.063, 14.614, 8.693, 14.866], "rotation": 180, "texture": "#0"},
				"south": {"uv": [8.819, 14.992, 8.945, 15.244], "texture": "#0"},
				"west": {"uv": [8.063, 15.244, 8.693, 15.496], "texture": "#0"},
				"up": {"uv": [8.063, 14.992, 8.693, 15.118], "rotation": 90, "texture": "#0"},
				"down": {"uv": [8.063, 15.622, 8.693, 15.748], "rotation": 90, "texture": "#0"}
			}
		},
		{
			"from": [6.5, -6, 12],
			"to": [7.5, -4, 17],
			"rotation": {"angle": 0, "axis": "y", "origin": [9, 2, 9]},
			"faces": {
				"north": {"uv": [0, 0, 1, 2], "texture": "#0"},
				"east": {"uv": [8.063, 14.614, 8.693, 14.866], "rotation": 180, "texture": "#0"},
				"south": {"uv": [8.819, 14.992, 8.945, 15.244], "texture": "#0"},
				"west": {"uv": [8.063, 15.244, 8.693, 15.496], "texture": "#0"},
				"up": {"uv": [8.063, 14.992, 8.693, 15.118], "rotation": 90, "texture": "#0"},
				"down": {"uv": [8.063, 15.622, 8.693, 15.748], "rotation": 90, "texture": "#0"}
			}
		},
		{
			"from": [4.5, -6, 4],
			"to": [11.5, -3, 12],
			"rotation": {"angle": 0, "axis": "y", "origin": [9, 2, 9]},
			"faces": {
				"north": {"uv": [7.055, 14.488, 7.937, 14.866], "rotation": 180, "texture": "#0"},
				"east": {"uv": [5.417, 14.866, 5.795, 15.874], "rotation": 270, "texture": "#0"},
				"south": {"uv": [5.795, 14.488, 6.677, 14.866], "rotation": 180, "texture": "#0"},
				"west": {"uv": [6.677, 14.866, 7.055, 15.874], "rotation": 90, "texture": "#0"},
				"up": {"uv": [5.795, 14.866, 6.677, 15.874], "rotation": 180, "texture": "#0"},
				"down": {"uv": [7.055, 14.866, 7.937, 15.874], "texture": "#0"}
			}
		}
	],
	"display": {
		"head": {
			"rotation": [0, 180, 0],
			"translation": [0, -0.5, 0],
			"scale": [3.2, 3.2, 3.2]
		}
	}
}