{
	"credit": "Made with Blockbench",
	"textures": {
		"0": "custom/badgermole",
		"particle": "custom/badgermole"
	},
	"elements": [
		{
			"from": [-11.28153, 4.47004, -4],
			"to": [6.71847, 25.47004, 22],
			"rotation": {"angle": -22.5, "axis": "z", "origin": [9, 12, 5]},
			"faces": {
				"north": {"uv": [0, 5.543, 2.645, 7.558], "rotation": 90, "texture": "#0"},
				"east": {"uv": [11.842, 5.544, 15.116, 8.188], "texture": "#0"},
				"south": {"uv": [5.921, 5.543, 8.566, 7.558], "rotation": 270, "texture": "#0"},
				"west": {"uv": [11.843, 2.898, 15.117, 5.543], "rotation": 180, "texture": "#0"},
				"up": {"uv": [2.646, 5.543, 5.921, 7.558], "rotation": 270, "texture": "#0"},
				"down": {"uv": [8.567, 5.544, 11.842, 7.557], "rotation": 270, "texture": "#0"}
			}
		},
		{
			"from": [22.71847, 4.47004, 0],
			"to": [32, 17.47004, 18],
			"rotation": {"angle": -22.5, "axis": "z", "origin": [9, 12, 5]},
			"faces": {
				"north": {"uv": [0.882, 9.323, 2.643, 10.456], "rotation": 90, "texture": "#0"},
				"east": {"uv": [12.221, 10.583, 14.739, 12.344], "texture": "#0"},
				"south": {"uv": [5.922, 9.323, 7.683, 10.456], "rotation": 270, "texture": "#0"},
				"west": {"uv": [0, 10.583, 0.376, 11.086], "rotation": 90, "texture": "#0"},
				"up": {"uv": [3.024, 9.323, 5.542, 10.456], "rotation": 270, "texture": "#0"},
				"down": {"uv": [8.945, 9.323, 11.464, 10.454], "rotation": 270, "texture": "#0"}
			}
		},
		{
			"from": [6.71847, 4.47004, -3],
			"to": [22.71847, 23.47004, 21],
			"rotation": {"angle": -22.5, "axis": "z", "origin": [9, 12, 5]},
			"faces": {
				"north": {"uv": [0.252, 7.559, 2.644, 9.322], "rotation": 90, "texture": "#0"},
				"east": {"uv": [11.969, 8.189, 14.99, 10.581], "texture": "#0"},
				"south": {"uv": [5.922, 7.559, 8.314, 9.322], "rotation": 270, "texture": "#0"},
				"west": {"uv": [0, 10.583, 0.376, 11.086], "rotation": 90, "texture": "#0"},
				"up": {"uv": [2.772, 7.559, 5.795, 9.322], "rotation": 270, "texture": "#0"},
				"down": {"uv": [8.693, 7.559, 11.716, 9.32], "rotation": 270, "texture": "#0"}
			}
		}
	],
	"display": {
		"head": {
			"rotation": [0, -90, 0],
			"translation": [3.5, 0, 0],
			"scale": [3.2, 3.2, 3.2]
		}
	}
}