{
	"credit": "Made with Blockbench",
	"textures": {
		"0": "custom/badgermole",
		"particle": "custom/badgermole"
	},
	"elements": [
		{
			"from": [3, 11, 3],
			"to": [13, 23, 14],
			"faces": {
				"north": {"uv": [4.032, 11.843, 5.29, 13.354], "texture": "#0"},
				"east": {"uv": [2.646, 11.843, 4.031, 13.354], "texture": "#0"},
				"south": {"uv": [1.386, 11.843, 2.645, 13.354], "texture": "#0"},
				"west": {"uv": [0, 11.843, 1.385, 13.354], "texture": "#0"},
				"up": {"uv": [1.386, 10.457, 2.645, 11.842], "texture": "#0"},
				"down": {"uv": [4.032, 10.457, 5.29, 11.842], "texture": "#0"}
			}
		},
		{
			"from": [4, -1, 4],
			"to": [12, 11, 13],
			"faces": {
				"north": {"uv": [3.654, 14.614, 4.659, 15.999], "texture": "#0"},
				"east": {"uv": [2.52, 14.614, 3.651, 15.999], "texture": "#0"},
				"south": {"uv": [1.512, 14.614, 2.518, 15.999], "texture": "#0"},
				"west": {"uv": [0.378, 14.614, 1.51, 15.999], "texture": "#0"},
				"up": {"uv": [0, 0, 8, 8], "texture": "#missing"},
				"down": {"uv": [3.654, 13.355, 4.659, 14.613], "texture": "#0"}
			}
		},
		{
			"from": [4.5, -4, 6],
			"to": [11.5, -1, 14],
			"rotation": {"angle": 0, "axis": "y", "origin": [9, 4, 11]},
			"faces": {
				"north": {"uv": [7.055, 14.488, 7.937, 14.866], "rotation": 180, "texture": "#0"},
				"east": {"uv": [5.417, 14.866, 5.795, 15.874], "rotation": 270, "texture": "#0"},
				"south": {"uv": [5.795, 14.488, 6.677, 14.866], "rotation": 180, "texture": "#0"},
				"west": {"uv": [6.677, 14.866, 7.055, 15.874], "rotation": 90, "texture": "#0"},
				"up": {"uv": [5.795, 14.866, 6.677, 15.874], "rotation": 180, "texture": "#0"},
				"down": {"uv": [7.055, 14.866, 7.937, 15.874], "texture": "#0"}
			}
		},
		{
			"from": [6.5, -4, 14],
			"to": [7.5, -2, 19],
			"rotation": {"angle": 0, "axis": "y", "origin": [9, 4, 11]},
			"faces": {
				"north": {"uv": [0, 0, 1, 2], "texture": "#0"},
				"east": {"uv": [8.063, 14.614, 8.693, 14.866], "rotation": 180, "texture": "#0"},
				"south": {"uv": [8.819, 14.992, 8.945, 15.244], "texture": "#0"},
				"west": {"uv": [8.063, 15.244, 8.693, 15.496], "texture": "#0"},
				"up": {"uv": [8.063, 14.992, 8.693, 15.118], "rotation": 90, "texture": "#0"},
				"down": {"uv": [8.063, 15.622, 8.693, 15.748], "rotation": 90, "texture": "#0"}
			}
		},
		{
			"from": [8.5, -4, 14],
			"to": [9.5, -2, 19],
			"rotation": {"angle": 0, "axis": "y", "origin": [9, 4, 11]},
			"faces": {
				"north": {"uv": [0, 0, 1, 2], "texture": "#0"},
				"east": {"uv": [8.063, 14.614, 8.693, 14.866], "rotation": 180, "texture": "#0"},
				"south": {"uv": [8.819, 14.992, 8.945, 15.244], "texture": "#0"},
				"west": {"uv": [8.063, 15.244, 8.693, 15.496], "texture": "#0"},
				"up": {"uv": [8.063, 14.992, 8.693, 15.118], "rotation": 90, "texture": "#0"},
				"down": {"uv": [8.063, 15.622, 8.693, 15.748], "rotation": 90, "texture": "#0"}
			}
		},
		{
			"from": [10.5, -4, 14],
			"to": [11.5, -2, 19],
			"rotation": {"angle": 0, "axis": "y", "origin": [9, 4, 11]},
			"faces": {
				"north": {"uv": [0, 0, 1, 2], "texture": "#0"},
				"east": {"uv": [8.063, 14.614, 8.693, 14.866], "rotation": 180, "texture": "#0"},
				"south": {"uv": [8.819, 14.992, 8.945, 15.244], "texture": "#0"},
				"west": {"uv": [8.063, 15.244, 8.693, 15.496], "texture": "#0"},
				"up": {"uv": [8.063, 14.992, 8.693, 15.118], "rotation": 90, "texture": "#0"},
				"down": {"uv": [8.063, 15.622, 8.693, 15.748], "rotation": 90, "texture": "#0"}
			}
		},
		{
			"from": [4.5, -4, 14],
			"to": [5.5, -2, 19],
			"rotation": {"angle": 0, "axis": "y", "origin": [9, 4, 11]},
			"faces": {
				"north": {"uv": [0, 0, 1, 2], "texture": "#0"},
				"east": {"uv": [8.063, 14.614, 8.693, 14.866], "rotation": 180, "texture": "#0"},
				"south": {"uv": [8.819, 14.992, 8.945, 15.244], "texture": "#0"},
				"west": {"uv": [8.063, 15.244, 8.693, 15.496], "texture": "#0"},
				"up": {"uv": [8.063, 14.992, 8.693, 15.118], "rotation": 90, "texture": "#0"},
				"down": {"uv": [8.063, 15.622, 8.693, 15.748], "rotation": 90, "texture": "#0"}
			}
		}
	],
	"display": {
		"head": {
			"rotation": [0, 180, 0],
			"translation": [0, -41, 0],
			"scale": [3.2, 3.2, 3.2]
		}
	}
}