{
	"credit": "Made with Blockbench",
	"textures": {
		"0": "custom/badgermole",
		"particle": "custom/badgermole"
	},
	"elements": [
		{
			"from": [0, -1, 7],
			"to": [16, 14, 24],
			"faces": {
				"north": {"uv": [3.906, 1.764, 5.793, 3.777], "rotation": 90, "texture": "#0"},
				"east": {"uv": [11.213, 0, 13.353, 1.89], "texture": "#0"},
				"south": {"uv": [0.126, 1.764, 1.761, 3.777], "rotation": 90, "texture": "#0"},
				"west": {"uv": [13.354, 0, 15.492, 1.885], "texture": "#0"},
				"up": {"uv": [1.89, 1.764, 4.029, 3.777], "rotation": 270, "texture": "#0"},
				"down": {"uv": [8.693, 1.764, 10.832, 3.776], "rotation": 90, "texture": "#0"}
			}
		},
		{
			"from": [2, 1, 1],
			"to": [14, 6, 7],
			"faces": {
				"north": {"uv": [6.551, 2.016, 7.181, 3.527], "rotation": 90, "texture": "#0"},
				"east": {"uv": [6.551, 1.26, 7.177, 2.011], "rotation": 90, "texture": "#0"},
				"south": {"uv": [0, 0, 12, 5], "texture": "#missing"},
				"west": {"uv": [6.551, 3.528, 7.177, 4.279], "rotation": 90, "texture": "#0"},
				"up": {"uv": [5.795, 2.016, 6.55, 3.527], "rotation": 270, "texture": "#0"},
				"down": {"uv": [7.055, 2.016, 7.81, 3.527], "rotation": 90, "texture": "#0"}
			}
		},
		{
			"from": [7, 3, -1],
			"to": [9, 5, 1],
			"faces": {
				"north": {"uv": [8.315, 2.646, 8.567, 2.898], "texture": "#0"},
				"east": {"uv": [8.189, 2.898, 8.441, 3.148], "texture": "#0"},
				"south": {"uv": [0, 0, 2, 2], "texture": "#missing"},
				"west": {"uv": [8.189, 2.394, 8.441, 2.646], "texture": "#0"},
				"up": {"uv": [7.937, 2.646, 8.189, 2.898], "texture": "#0"},
				"down": {"uv": [8.315, 2.646, 8.567, 2.898], "texture": "#0"}
			}
		}
	],
	"display": {
		"head": {
			"translation": [0, 0, -42.5],
			"scale": [3.2, 3.2, 3.2]
		}
	}
}