{
	"credit": "Made with Blockbench",
	"textures": {
		"0": "custom/badgermole",
		"particle": "custom/badgermole"
	},
	"elements": [
		{
			"from": [3, 0, -16],
			"to": [13, 7, -11],
			"faces": {
				"north": {"uv": [5.921, 13.481, 7.428, 13.982], "texture": "#0"},
				"east": {"uv": [12.221, 12.347, 12.847, 13.227], "texture": "#0"},
				"south": {"uv": [12.85, 12.347, 14.11, 13.228], "texture": "#0"},
				"west": {"uv": [14.11, 12.347, 14.736, 13.227], "texture": "#0"},
				"up": {"uv": [10.709, 11.716, 11.967, 12.345], "texture": "#0"},
				"down": {"uv": [10.709, 12.347, 11.964, 12.974], "texture": "#0"}
			}
		},
		{
			"from": [5, 0, -11],
			"to": [11, 5, 0],
			"faces": {
				"north": {"uv": [5.921, 13.481, 7.428, 13.982], "texture": "#0"},
				"east": {"uv": [8.063, 10.583, 9.444, 11.211], "texture": "#0"},
				"south": {"uv": [9.449, 11.213, 10.074, 11.967], "rotation": 270, "texture": "#0"},
				"west": {"uv": [8.063, 10.583, 9.444, 11.211], "texture": "#0"},
				"up": {"uv": [8.063, 11.213, 9.444, 11.967], "rotation": 90, "texture": "#0"},
				"down": {"uv": [8.063, 12.599, 9.444, 13.353], "rotation": 90, "texture": "#0"}
			}
		},
		{
			"from": [6, 0, 0],
			"to": [10, 4, 11],
			"faces": {
				"north": {"uv": [5.921, 13.481, 7.428, 13.982], "texture": "#0"},
				"east": {"uv": [6.551, 11.843, 8.058, 12.345], "texture": "#0"},
				"south": {"uv": [6.047, 11.339, 6.546, 11.841], "texture": "#0"},
				"west": {"uv": [6.551, 10.835, 8.058, 11.337], "texture": "#0"},
				"up": {"uv": [6.551, 11.339, 8.058, 11.841], "rotation": 90, "texture": "#0"},
				"down": {"uv": [6.551, 12.725, 8.058, 13.226], "rotation": 90, "texture": "#0"}
			}
		}
	],
	"display": {
		"head": {
			"translation": [1, 0, 0],
			"scale": [3.2, 3.2, 3.2]
		}
	}
}