{
    "parent": "item/generated",
    "textures": 
    {
        "layer0": "item/gold_ingot"
    },
    "overrides": 
    [
        {
            "predicate": {
                
                "custom_model_data": 4902389
            },
            "model": "item/flying_bison/head"
        },
        {
            "predicate": 
            {
                "custom_model_data": 4902390
            },
            "model": "item/flying_bison/body"
        },
        {
            "predicate": 
            {
                "custom_model_data": 4902391
            },
            "model": "item/flying_bison/tail"
        },
        {
            "predicate": 
            {
                "custom_model_data": 4902392
            },
            "model": "item/flying_bison/leg"
        },
        {
            "predicate": 
            {
                "custom_model_data": 4902393
            },
            "model": "item/items/water/water_symbol"
        },
        {
            "predicate": 
            {
                "custom_model_data": 4902394
            },
            "model": "item/items/water/tide_pushing"
        },
        {
            "predicate": 
            {
                "custom_model_data": 4902395
            },
            "model": "item/items/water/water_whip"
        },
        {
            "predicate": 
            {
                "custom_model_data": 4902396
            },
            "model": "item/items/water/water_ring"
        },
        {
            "predicate": 
            {
                "custom_model_data": 4902397
            },
            "model": "item/items/water/water_rope"
        },
        {
            "predicate": 
            {
                "custom_model_data": 4902398
            },
            "model": "item/items/water/water_spout"
        },
        {
            "predicate": 
            {
                "custom_model_data": 4902399
            },
            "model": "item/items/water/drift"
        },
        {
            "predicate": 
            {
                "custom_model_data": 4902400
            },
            "model": "item/items/water/water_streaming"
        },
        {
            "predicate": 
            {
                "custom_model_data": 4902401
            },
            "model": "item/items/water/phase_shift"
        },
        {
            "predicate": 
            {
                "custom_model_data": 4902402
            },
            "model": "item/items/water/bubble"
        },
        {
            "predicate": 
            {
                "custom_model_data": 4902403
            },
            "model": "item/items/water/water_cloak"
        },
        {
            "predicate": 
            {
                "custom_model_data": 4902404
            },
            "model": "item/items/water/ice_prison"
        },
        {
            "predicate": 
            {
                "custom_model_data": 4902405
            },
            "model": "item/items/earth/earth_symbol"
        },
        {
            "predicate": 
            {
                "custom_model_data": 4902406
            },
            "model": "item/items/earth/seismic_sense"
        },
        {
            "predicate": 
            {
                "custom_model_data": 4902407
            },
            "model": "item/items/earth/moving_boulders"
        },
        {
            "predicate": 
            {
                "custom_model_data": 4902408
            },
            "model": "item/items/earth/earth_ball"
        },
        {
            "predicate": 
            {
                "custom_model_data": 4902409
            },
            "model": "item/items/earth/earth_pillar"
        },
        {
            "predicate": 
            {
                "custom_model_data": 4902410
            },
            "model": "item/items/earth/earth_slab"
        },
        {
            "predicate": 
            {
                "custom_model_data": 4902411
            },
            "model": "item/items/earth/earth_shift"
        },
        {
            "predicate": 
            {
                "custom_model_data": 4902412
            },
            "model": "item/items/earth/earth_wall"
        },
        {
            "predicate": 
            {
                "custom_model_data": 4902413
            },
            "model": "item/items/earth/earth_armour"
        },
        {
            "predicate": 
            {
                "custom_model_data": 4902414
            },
            "model": "item/items/earth/earth_bomb"
        },
        {
            "predicate": 
            {
                "custom_model_data": 4902415
            },
            "model": "item/items/earth/earth_tunnelling"
        },
        {
            "predicate": 
            {
                "custom_model_data": 4902416
            },
            "model": "item/items/fire/fire_symbol"
        },
        {
            "predicate": 
            {
                "custom_model_data": 4902417
            },
            "model": "item/items/fire/blazing_arc"
        },
        {
            "predicate": 
            {
                "custom_model_data": 4902418
            },
            "model": "item/items/fire/flame_burst"
        },
        {
            "predicate": 
            {
                "custom_model_data": 4902419
            },
            "model": "item/items/fire/fire_ball"
        },
        {
            "predicate": 
            {
                "custom_model_data": 4902420
            },
            "model": "item/items/fire/fire_shield"
        },
        {
            "predicate": 
            {
                "custom_model_data": 4902421
            },
            "model": "item/items/fire/fire_stream"
        },
        {
            "predicate": 
            {
                "custom_model_data": 4902422
            },
            "model": "item/items/fire/fire_augment"
        },
        {
            "predicate": 
            {
                "custom_model_data": 4902423
            },
            "model": "item/items/fire/jet_propulsion"
        },
        {
            "predicate": 
            {
                "custom_model_data": 4902424
            },
            "model": "item/items/fire/fire_wall"
        },
        {
            "predicate": 
            {
                "custom_model_data": 4902425
            },
            "model": "item/items/fire/fire_bomb"
        },
        {
            "predicate": 
            {
                "custom_model_data": 4902426
            },
            "model": "item/items/air/air_symbol"
        },
        {
            "predicate": 
            {
                "custom_model_data": 4902427
            },
            "model": "item/items/air/air_punch"
        },
        {
            "predicate": 
            {
                "custom_model_data": 4902428
            },
            "model": "item/items/air/air_draft"
        },
        {
            "predicate": 
            {
                "custom_model_data": 4902429
            },
            "model": "item/items/air/enhanced_agility"
        },
        {
            "predicate": 
            {
                "custom_model_data": 4902430
            },
            "model": "item/items/air/enhanced_speed"
        },
        {
            "predicate": 
            {
                "custom_model_data": 4902431
            },
            "model": "item/items/air/suction"
        },
        {
            "predicate": 
            {
                "custom_model_data": 4902432
            },
            "model": "item/items/air/air_blast"
        },
        {
            "predicate": 
            {
                "custom_model_data": 4902433
            },
            "model": "item/items/air/gliding"
        },
        {
            "predicate": 
            {
                "custom_model_data": 4902434
            },
            "model": "item/items/air/air_spout"
        },
        {
            "predicate": 
            {
                "custom_model_data": 4902435
            },
            "model": "item/items/air/air_vortex"
        },
        {
            "predicate": 
            {
                "custom_model_data": 4902436
            },
            "model": "item/items/air/air_swipe"
        },
        {
            "predicate": 
            {
                "custom_model_data": 4902437
            },
            "model": "item/badgermole/body"
        },
        {
            "predicate": 
            {
                "custom_model_data": 4902438
            },
            "model": "item/badgermole/front_leg"
        },
        {
            "predicate": 
            {
                "custom_model_data": 4902439
            },
            "model": "item/badgermole/back_leg"
        },
        {
            "predicate": 
            {
                "custom_model_data": 4902440
            },
            "model": "item/badgermole/foot"
        },
        {
            "predicate": 
            {
                "custom_model_data": 4902441
            },
            "model": "item/badgermole/tail"
        },
        {
            "predicate": 
            {
                "custom_model_data": 4902442
            },
            "model": "item/badgermole/head"
        }
    ]
}