{
	"credit": "Made with Blockbench",
	"textures": {
		"0": "custom/flying_bison",
		"particle": "custom/flying_bison"
	},
	"elements": [
		{
			"from": [-6, 4, -8],
			"to": [30, 17, 21],
			"faces": {
				"north": {"uv": [0, 1.574, 1.92, 2.24], "texture": "#0"},
				"east": {"uv": [1.92, 0, 2.613, 1.547], "rotation": 90, "texture": "#0"},
				"south": {"uv": [0, 2.24, 1.894, 2.933], "texture": "#0"},
				"west": {"uv": [2.614, 0, 3.306, 1.547], "rotation": 90, "texture": "#0"},
				"up": {"uv": [2.88, 0.4, 3.307, 0.827], "texture": "#0"},
				"down": {"uv": [0, 0, 1.92, 1.547], "texture": "#0"}
			}
		},
		{
			"from": [-4.2305, 13.84992, -8],
			"to": [29.02916, 27.62653, 21],
			"rotation": {"angle": 22.5, "axis": "z", "origin": [21.59633, 17.86533, 8]},
			"faces": {
				"north": {"uv": [1.92, 3.094, 3.68, 3.84], "texture": "#0"},
				"east": {"uv": [3.68, 1.547, 4.427, 3.093], "rotation": 90, "texture": "#0"},
				"south": {"uv": [1.92, 3.84, 3.679, 4.586], "texture": "#0"},
				"west": {"uv": [2.64, 0.347, 3.067, 0.72], "texture": "#0"},
				"up": {"uv": [1.92, 1.547, 3.68, 3.093], "texture": "#0"},
				"down": {"uv": [0, 0, 16, 16], "texture": "#0"}
			}
		}
	],
	"display": {
		"head": {
			"rotation": [0, 90, 0],
			"translation": [5.75, 0, 0],
			"scale": [3.2, 3.2, 3.2]
		}
	}
}