{
	"credit": "Made with Blockbench",
	"textures": {
		"0": "custom/flying_bison",
		"particle": "custom/flying_bison"
	},
	"elements": [
		{
			"from": [-5, 10, -2],
			"to": [20, 20, 16],
			"rotation": {"angle": 0, "axis": "y", "origin": [6, -3, 8]},
			"faces": {
				"north": {"uv": [4.427, 2.08, 5.759, 2.613], "texture": "#0"},
				"east": {"uv": [5.76, 0.587, 6.292, 1.547], "rotation": 90, "texture": "#0"},
				"south": {"uv": [4.427, 0.614, 5.759, 1.174], "rotation": 180, "texture": "#0"},
				"west": {"uv": [3.894, 0.587, 4.425, 1.547], "rotation": 270, "texture": "#0"},
				"up": {"uv": [4.427, 1.174, 5.759, 2.134], "rotation": 180, "texture": "#0"},
				"down": {"uv": [4.427, 2.8, 5.759, 3.76], "texture": "#0"}
			}
		},
		{
			"from": [-4, 6, 4],
			"to": [19, 10, 14],
			"rotation": {"angle": 0, "axis": "y", "origin": [6, -3, 8]},
			"faces": {
				"north": {"uv": [4.907, 0.294, 5.333, 0.4], "texture": "#0"},
				"east": {"uv": [6.294, 0.694, 6.503, 1.306], "rotation": 270, "texture": "#0"},
				"south": {"uv": [4.48, 0.374, 5.706, 0.586], "rotation": 180, "texture": "#0"},
				"west": {"uv": [3.68, 0.907, 3.891, 1.44], "rotation": 270, "texture": "#0"},
				"up": {"uv": [3.414, 0.934, 3.841, 1.414], "texture": "#0"},
				"down": {"uv": [3.414, 0.934, 3.841, 1.414], "texture": "#0"}
			}
		},
		{
			"from": [-5, 1, -2],
			"to": [20, 10, 4],
			"rotation": {"angle": 0, "axis": "y", "origin": [6, -3, 8]},
			"faces": {
				"north": {"uv": [4.427, 2.614, 5.76, 3.094], "texture": "#0"},
				"east": {"uv": [6.027, 1.067, 6.505, 1.387], "rotation": 90, "texture": "#0"},
				"south": {"uv": [4.427, 2.614, 5.76, 3.094], "texture": "#0"},
				"west": {"uv": [3.414, 0.587, 3.893, 0.907], "rotation": 270, "texture": "#0"},
				"up": {"uv": [4.427, 2.614, 5.76, 3.094], "texture": "#0"},
				"down": {"uv": [4.427, 3.094, 5.76, 3.413], "texture": "#0"}
			}
		},
		{
			"from": [-5, 0, 4],
			"to": [20, 6, 16],
			"rotation": {"angle": 0, "axis": "x", "origin": [6, -3, 8]},
			"faces": {
				"north": {"uv": [4.427, 3.094, 5.76, 3.413], "texture": "#0"},
				"east": {"uv": [6.507, 0.854, 6.826, 1.494], "rotation": 90, "texture": "#0"},
				"south": {"uv": [4.427, 0.054, 5.76, 0.319], "rotation": 180, "texture": "#0"},
				"west": {"uv": [3.36, 0.907, 3.679, 1.547], "rotation": 270, "texture": "#0"},
				"up": {"uv": [4.934, 0.054, 5.252, 0.184], "texture": "#0"},
				"down": {"uv": [4.427, 3.414, 5.759, 4.053], "rotation": 180, "texture": "#0"}
			}
		},
		{
			"from": [2, 3, 13],
			"to": [13, 8, 18],
			"rotation": {"angle": 0, "axis": "y", "origin": [20, 26, 8]},
			"faces": {
				"north": {"uv": [3.574, 0, 4.16, 0.266], "texture": "#0"},
				"east": {"uv": [4.107, 0, 4.373, 0.266], "rotation": 90, "texture": "#0"},
				"south": {"uv": [3.307, 0, 3.84, 0.266], "texture": "#0"},
				"west": {"uv": [4.107, 0.267, 4.373, 0.533], "rotation": 90, "texture": "#0"},
				"up": {"uv": [3.867, 0, 4.106, 0.533], "rotation": 90, "texture": "#0"},
				"down": {"uv": [3.307, 0.267, 3.84, 0.533], "texture": "#0"}
			}
		},
		{
			"from": [2, 19, 7],
			"to": [4, 23, 9],
			"rotation": {"angle": -45, "axis": "z", "origin": [6, -3, 3]},
			"faces": {
				"north": {"uv": [5.76, 0.16, 5.973, 0.267], "rotation": 90, "texture": "#0"},
				"east": {"uv": [5.76, 0.267, 5.973, 0.374], "rotation": 90, "texture": "#0"},
				"south": {"uv": [5.76, 0.374, 5.973, 0.481], "rotation": 90, "texture": "#0"},
				"west": {"uv": [5.76, 0.054, 5.973, 0.16], "rotation": 90, "texture": "#0"},
				"up": {"uv": [6.561, 0.374, 6.666, 0.48], "rotation": 90, "texture": "#0"},
				"down": {"uv": [0, 0, 2, 2], "texture": "#0"}
			}
		},
		{
			"from": [4, 3, 7],
			"to": [6, 7, 9],
			"rotation": {"angle": 45, "axis": "z", "origin": [-12, -3, 3]},
			"faces": {
				"north": {"uv": [5.76, 0.16, 5.973, 0.267], "rotation": 90, "texture": "#0"},
				"east": {"uv": [5.76, 0.054, 5.973, 0.16], "rotation": 90, "texture": "#0"},
				"south": {"uv": [5.76, 0.374, 5.973, 0.481], "rotation": 90, "texture": "#0"},
				"west": {"uv": [5.76, 0.267, 5.973, 0.374], "rotation": 90, "texture": "#0"},
				"up": {"uv": [5.76, 0.374, 5.973, 0.481], "rotation": 90, "texture": "#0"},
				"down": {"uv": [5.76, 0.374, 5.973, 0.481], "rotation": 90, "texture": "#0"}
			}
		},
		{
			"from": [21, 17, 7],
			"to": [23, 23, 9],
			"rotation": {"angle": 0, "axis": "z", "origin": [6, -3, 3]},
			"faces": {
				"north": {"uv": [5.974, 0.16, 6.292, 0.266], "rotation": 90, "texture": "#0"},
				"east": {"uv": [5.974, 0.267, 6.292, 0.373], "rotation": 90, "texture": "#0"},
				"south": {"uv": [5.974, 0.374, 6.293, 0.48], "rotation": 90, "texture": "#0"},
				"west": {"uv": [5.974, 0.054, 6.292, 0.16], "rotation": 90, "texture": "#0"},
				"up": {"uv": [6.561, 0.374, 6.666, 0.48], "rotation": 90, "texture": "#0"},
				"down": {"uv": [0, 0, 2, 2], "texture": "#0"}
			}
		},
		{
			"from": [-7.7311, 15.45675, 7],
			"to": [-5.7311, 21.45675, 9],
			"rotation": {"angle": 0, "axis": "z", "origin": [-7, 15, 3]},
			"faces": {
				"north": {"uv": [5.974, 0.16, 6.292, 0.266], "rotation": 90, "texture": "#0"},
				"east": {"uv": [5.974, 0.054, 6.292, 0.16], "rotation": 90, "texture": "#0"},
				"south": {"uv": [5.974, 0.374, 6.293, 0.48], "rotation": 90, "texture": "#0"},
				"west": {"uv": [5.974, 0.267, 6.292, 0.373], "rotation": 90, "texture": "#0"},
				"up": {"uv": [6.561, 0.374, 6.666, 0.48], "rotation": 90, "texture": "#0"},
				"down": {"uv": [0, 0, 2, 2], "texture": "#0"}
			}
		},
		{
			"from": [21.39814, 23.64243, 7],
			"to": [23.39814, 28.64243, 9],
			"rotation": {"angle": -22.5, "axis": "z", "origin": [20, 24, 3]},
			"faces": {
				"north": {"uv": [6.294, 0.16, 6.559, 0.266], "rotation": 90, "texture": "#0"},
				"east": {"uv": [6.294, 0.267, 6.559, 0.373], "rotation": 90, "texture": "#0"},
				"south": {"uv": [6.294, 0.374, 6.559, 0.48], "rotation": 90, "texture": "#0"},
				"west": {"uv": [6.294, 0.054, 6.559, 0.16], "rotation": 90, "texture": "#0"},
				"up": {"uv": [6.561, 0.374, 6.666, 0.48], "rotation": 90, "texture": "#0"},
				"down": {"uv": [0, 0, 2, 2], "texture": "#0"}
			}
		},
		{
			"from": [1, 17, 7],
			"to": [3, 22, 9],
			"rotation": {"angle": 22.5, "axis": "z", "origin": [-12, -3, 3]},
			"faces": {
				"north": {"uv": [6.294, 0.16, 6.559, 0.266], "rotation": 90, "texture": "#0"},
				"east": {"uv": [6.294, 0.054, 6.559, 0.16], "rotation": 90, "texture": "#0"},
				"south": {"uv": [6.294, 0.374, 6.559, 0.48], "rotation": 90, "texture": "#0"},
				"west": {"uv": [6.294, 0.267, 6.559, 0.373], "rotation": 90, "texture": "#0"},
				"up": {"uv": [6.561, 0.374, 6.666, 0.48], "rotation": 90, "texture": "#0"},
				"down": {"uv": [0, 0, 2, 2], "texture": "#0"}
			}
		}
	],
	"display": {
		"thirdperson_righthand": {
			"scale": [2.6, 1, 1]
		},
		"head": {
			"rotation": [0, 180, 0],
			"scale": [3.2, 3.2, 3.2]
		}
	}
}