{
	"credit": "Made with Blockbench",
	"textures": {
		"0": "custom/flying_bison",
		"particle": "custom/flying_bison"
	},
	"elements": [
		{
			"from": [3, 9, 3],
			"to": [12, 23, 12],
			"faces": {
				"north": {"uv": [0, 3.414, 0.48, 4.159], "texture": "#0"},
				"east": {"uv": [1.44, 2.934, 1.92, 3.679], "texture": "#0"},
				"south": {"uv": [0.48, 3.414, 0.96, 4.159], "texture": "#0"},
				"west": {"uv": [0.96, 2.934, 1.44, 3.679], "texture": "#0"},
				"up": {"uv": [0, 2.934, 0.48, 3.413], "rotation": 180, "texture": "#0"},
				"down": {"uv": [0.48, 2.934, 0.96, 3.413], "rotation": 180, "texture": "#0"}
			}
		}
	],
	"display": {
		"head": {
			"translation": [0, -43.5, 0],
			"scale": [3.2, 3.2, 3.2]
		}
	}
}