{
	"credit": "Made with Blockbench",
	"textures": {
		"0": "custom/flying_bison",
		"particle": "custom/flying_bison"
	},
	"elements": [
		{
			"from": [-4, 6, -8],
			"to": [20, 11, 26],
			"faces": {
				"north": {"uv": [5.76, 3.36, 7.04, 3.627], "texture": "#0"},
				"east": {"uv": [8.587, 1.547, 8.853, 3.36], "rotation": 90, "texture": "#0"},
				"south": {"uv": [5.76, 3.627, 7.04, 3.894], "texture": "#0"},
				"west": {"uv": [8.32, 1.547, 8.586, 3.36], "rotation": 90, "texture": "#0"},
				"up": {"uv": [5.76, 1.547, 7.04, 3.36], "texture": "#0"},
				"down": {"uv": [7.04, 1.547, 8.32, 3.36], "rotation": 180, "texture": "#0"}
			}
		}
	],
	"display": {
		"head": {
			"translation": [0, 0, 49],
			"scale": [3.2, 3.2, 3.2]
		}
	}
}